DATE,REVENUE,COGS,FORECASTED_REVENUE,Product_id,Region_id
2022-11-09 15:07:24.446047,1175.18,2045.42,2438.94,3,1
2022-11-10 15:07:24.446047,4297.86,1199.4,2894.6,5,2
2022-11-11 15:07:24.446047,4755.99,1202.93,1353.3,3,2
2022-11-12 15:07:24.446047,1176.32,1674.98,1058.28,5,1
2022-11-13 15:07:24.446047,1412.53,2432.39,1441.12,2,5
2022-11-14 15:07:24.446047,4653.44,2419.45,2181.76,3,1
2022-11-15 15:07:24.446047,3385.57,1653.45,3536.51,1,3
2022-11-16 15:07:24.446047,3489.51,1200.87,2748.58,1,1
2022-11-17 15:07:24.446047,4734.41,692.09,2876.79,3,1
2022-11-18 15:07:24.446047,1305.33,1533.04,3517.52,2,5
2022-11-19 15:07:24.446047,2356.25,713.58,3094.35,3,4
2022-11-20 15:07:24.446047,2466.06,1463.66,2347.05,2,3
2022-11-21 15:07:24.446047,1934.23,2394.11,3087.85,4,1
2022-11-22 15:07:24.446047,3680.4,2342.05,1980.76,4,4
2022-11-23 15:07:24.446047,3891.97,1735.62,2747.61,3,2
2022-11-24 15:07:24.446047,2722.54,966.2,1019.33,3,1
2022-11-25 15:07:24.446047,2268.66,1706.78,1687.1,1,2
2022-11-26 15:07:24.446047,4354.66,2326.48,2029.44,5,3
2022-11-27 15:07:24.446047,2218.86,1072.16,4842.33,5,2
2022-11-28 15:07:24.446047,2828.34,1209.78,3555.96,4,1
2022-11-29 15:07:24.446047,4781.31,931.0,1804.33,5,4
2022-11-30 15:07:24.446047,1715.65,2186.19,1711.36,2,4
2022-12-01 15:07:24.446047,1746.3,969.68,2798.32,3,3
2022-12-02 15:07:24.446047,1773.94,1571.14,4441.52,5,1
2022-12-03 15:07:24.446047,4944.43,834.07,3754.24,1,5
2022-12-04 15:07:24.446047,1635.44,1558.99,3183.0,2,5
2022-12-05 15:07:24.446047,2157.19,1325.89,4557.55,3,1
2022-12-06 15:07:24.446047,3931.16,1148.52,2996.55,5,3
2022-12-07 15:07:24.446047,3853.41,846.72,2416.41,2,4
2022-12-08 15:07:24.446047,2309.8,2319.12,4494.64,4,4
2022-12-09 15:07:24.446047,3980.11,1243.61,1630.71,2,1
2022-12-10 15:07:24.446047,2088.46,502.68,3967.6,5,4
2022-12-11 15:07:24.446047,2224.36,1383.44,4005.94,2,3
2022-12-12 15:07:24.446047,3969.44,820.3,2272.54,1,2
2022-12-13 15:07:24.446047,3448.51,1600.23,3599.21,2,2
2022-12-14 15:07:24.446047,3931.47,589.45,2848.8,3,5
2022-12-15 15:07:24.446047,3900.26,1957.26,4255.63,5,2
2022-12-16 15:07:24.446047,2975.88,821.93,3648.44,1,3
2022-12-17 15:07:24.446047,3855.59,973.95,1395.99,1,1
2022-12-18 15:07:24.446047,3955.82,508.17,2746.52,5,2
2022-12-19 15:07:24.446047,4433.7,1073.17,2478.01,3,2
2022-12-20 15:07:24.446047,4568.64,1052.12,3442.02,2,5
2022-12-21 15:07:24.446047,4928.93,1717.26,2443.85,1,3
2022-12-22 15:07:24.446047,2990.33,736.98,3068.86,4,4
2022-12-23 15:07:24.446047,1064.14,1302.4,4049.22,3,1
2022-12-24 15:07:24.446047,2644.06,1692.18,2712.66,1,3
2022-12-25 15:07:24.446047,3262.08,1584.3,1863.68,1,1
2022-12-26 15:07:24.446047,2694.49,1556.28,2644.05,3,1
2022-12-27 15:07:24.446047,2908.05,729.52,3130.99,3,4
2022-12-28 15:07:24.446047,1882.1,934.86,3273.71,3,2
2022-12-29 15:07:24.446047,1583.68,1511.59,1918.28,2,5
2022-12-30 15:07:24.446047,4463.94,663.73,2611.04,4,4
2022-12-31 15:07:24.446047,4974.14,1860.56,2182.46,1,5
2023-01-01 15:07:24.446047,3779.22,559.59,1319.68,5,2
2023-01-02 15:07:24.446047,3500.31,1847.99,4014.95,5,5
2023-01-03 15:07:24.446047,4893.4,1751.02,2638.56,1,4
2023-01-04 15:07:24.446047,2559.07,901.25,4501.61,4,4
2023-01-05 15:07:24.446047,3107.15,2060.72,1997.58,3,1
2023-01-06 15:07:24.446047,3617.48,1291.94,4092.35,2,3
2023-01-07 15:07:24.446047,3318.89,2194.65,2527.87,4,1
2023-01-08 15:07:24.446047,1141.0,1096.37,1658.05,3,3
2023-01-09 15:07:24.446047,1749.01,1578.89,3261.98,3,3
2023-01-10 15:07:24.446047,3790.99,1526.3,2159.6,1,2
2023-01-11 15:07:24.446047,4680.53,946.83,3693.19,3,1
2023-01-12 15:07:24.446047,2595.54,987.5,3776.28,5,5
2023-01-13 15:07:24.446047,3949.87,2063.32,2303.38,3,3
2023-01-14 15:07:24.446047,4012.72,529.05,3374.93,2,4
2023-01-15 15:07:24.446047,2140.93,568.87,1217.49,4,3
2023-01-16 15:07:24.446047,1535.87,2334.31,2317.17,3,4
2023-01-17 15:07:24.446047,4734.26,2494.18,1566.96,2,4
2023-01-18 15:07:24.446047,3641.24,653.54,4598.84,1,4
2023-01-19 15:07:24.446047,2169.45,905.03,2009.29,1,4
2023-01-20 15:07:24.446047,1948.04,2490.21,2907.36,2,2
2023-01-21 15:07:24.446047,4820.31,725.59,2462.64,5,4
2023-01-22 15:07:24.446047,3669.46,2128.76,3170.06,1,5
2023-01-23 15:07:24.446047,2661.22,1033.46,2720.16,5,2
2023-01-24 15:07:24.446047,4760.29,1954.56,3960.39,1,3
2023-01-25 15:07:24.446047,2904.12,1490.99,2654.93,3,4
2023-01-26 15:07:24.446047,2238.13,797.21,1028.2,2,4
2023-01-27 15:07:24.446047,4691.33,1103.09,3569.37,5,4
2023-01-28 15:07:24.446047,2670.71,944.52,2049.13,3,3
2023-01-29 15:07:24.446047,4228.3,2364.14,1478.76,3,1
2023-01-30 15:07:24.446047,1781.72,1082.74,1460.27,3,4
2023-01-31 15:07:24.446047,1657.55,621.7,4283.32,1,4
2023-02-01 15:07:24.446047,1224.19,510.5,1714.11,5,5
2023-02-02 15:07:24.446047,2950.37,1487.06,1868.0,5,2
2023-02-03 15:07:24.446047,3180.09,552.74,3218.68,1,1
2023-02-04 15:07:24.446047,4485.42,1432.21,4645.25,2,2
2023-02-05 15:07:24.446047,1029.77,2154.72,1199.51,5,4
2023-02-06 15:07:24.446047,2770.64,814.41,2199.01,5,2
2023-02-07 15:07:24.446047,2739.76,915.02,3134.87,4,2
2023-02-08 15:07:24.446047,1506.98,2236.29,1056.01,3,1
2023-02-09 15:07:24.446047,3754.11,1619.78,1625.31,5,1
2023-02-10 15:07:24.446047,4953.93,1814.7,4016.1,2,1
2023-02-11 15:07:24.446047,3157.73,1497.12,2630.41,5,4
2023-02-12 15:07:24.446047,3288.69,2359.33,1741.97,5,2
2023-02-13 15:07:24.446047,2295.69,951.92,3821.0,1,2
2023-02-14 15:07:24.446047,4079.68,1612.36,2825.5,5,5
2023-02-15 15:07:24.446047,3008.02,1280.34,4670.0,5,5
2023-02-16 15:07:24.446047,1236.36,2382.12,2992.42,5,4
2023-02-17 15:07:24.446047,2750.63,1632.31,4381.85,3,4
2023-02-18 15:07:24.446047,4051.91,1056.82,2055.43,3,4
2023-02-19 15:07:24.446047,4933.42,1709.79,4597.03,1,3
2023-02-20 15:07:24.446047,4618.14,2258.32,1958.1,1,2
2023-02-21 15:07:24.446047,1790.34,1417.02,2356.59,3,4
2023-02-22 15:07:24.446047,2802.98,616.62,3743.19,2,5
2023-02-23 15:07:24.446047,1712.45,2455.68,2011.24,1,3
2023-02-24 15:07:24.446047,2760.22,1960.39,1263.27,3,1
2023-02-25 15:07:24.446047,4200.83,763.44,4850.88,2,4
2023-02-26 15:07:24.446047,1717.92,1950.19,2165.22,2,1
2023-02-27 15:07:24.446047,4669.14,2052.83,4398.63,2,2
2023-02-28 15:07:24.446047,4538.42,2414.79,4487.14,4,4
2023-03-01 15:07:24.446047,3601.18,2009.88,4948.95,4,5
2023-03-02 15:07:24.446047,3910.85,757.11,2582.06,5,3
2023-03-03 15:07:24.446047,2044.75,2403.38,1775.62,1,2
2023-03-04 15:07:24.446047,3965.03,1171.15,2909.47,3,2
2023-03-05 15:07:24.446047,2804.07,758.4,4683.28,3,3
2023-03-06 15:07:24.446047,3884.8,1661.55,3777.16,2,4
2023-03-07 15:07:24.446047,2315.0,2203.31,1477.42,4,5
2023-03-08 15:07:24.446047,4173.31,500.68,3537.62,5,4
2023-03-09 15:07:24.446047,4625.68,1883.61,4195.43,5,4
2023-03-10 15:07:24.446047,3270.81,1645.68,2773.71,1,5
2023-03-11 15:07:24.446047,1462.01,1642.98,2299.9,4,2
2023-03-12 15:07:24.446047,1990.09,2237.05,4011.09,4,5
2023-03-13 15:07:24.446047,1541.33,1117.23,4516.47,3,1
2023-03-14 15:07:24.446047,2613.59,1312.63,3402.36,5,4
2023-03-15 15:07:24.446047,3938.42,1971.56,2628.59,1,2
2023-03-16 15:07:24.446047,2091.29,1214.6,4770.17,1,2
2023-03-17 15:07:24.446047,2846.61,1596.66,4783.67,5,3
2023-03-18 15:07:24.446047,1106.93,705.89,4720.82,3,2
2023-03-19 15:07:24.446047,2095.49,1601.23,3747.07,2,4
2023-03-20 15:07:24.446047,2656.08,718.27,4367.7,4,1
2023-03-21 15:07:24.446047,1799.9,2327.07,4555.52,3,1
2023-03-22 15:07:24.446047,3389.07,1416.82,2445.9,3,1
2023-03-23 15:07:24.446047,1496.46,743.23,2340.62,5,1
2023-03-24 15:07:24.446047,2464.48,1670.7,2570.04,3,2
2023-03-25 15:07:24.446047,4489.56,1024.19,2790.1,2,2
2023-03-26 15:07:24.446047,4394.17,1084.76,1271.4,1,2
2023-03-27 15:07:24.446047,1033.19,819.24,3236.27,1,4
2023-03-28 15:07:24.446047,4510.52,1428.8,2285.75,3,2
2023-03-29 15:07:24.446047,3715.59,1474.34,4203.3,5,3
2023-03-30 15:07:24.446047,2783.79,1774.39,1093.67,5,4
2023-03-31 15:07:24.446047,2319.15,1548.97,1294.22,1,4
2023-04-01 15:07:24.446047,4132.8,817.86,4736.34,3,5
2023-04-02 15:07:24.446047,4863.18,2331.04,2703.19,4,2
2023-04-03 15:07:24.446047,3201.17,972.58,2704.45,5,4
2023-04-04 15:07:24.446047,3383.84,789.8,4290.76,5,5
2023-04-05 15:07:24.446047,1632.16,2068.66,1409.45,5,5
2023-04-06 15:07:24.446047,1766.43,1090.8,2591.54,2,4
2023-04-07 15:07:24.446047,2296.46,653.61,2978.96,2,2
2023-04-08 15:07:24.446047,2705.72,749.03,1287.38,2,2
2023-04-09 15:07:24.446047,2948.73,2159.54,4697.61,4,3
2023-04-10 15:07:24.446047,3780.79,615.04,3818.47,4,5
2023-04-11 15:07:24.446047,4579.7,1654.42,2624.01,5,2
2023-04-12 15:07:24.446047,3108.94,1612.87,3636.65,4,4
2023-04-13 15:07:24.446047,1750.06,2304.6,4655.37,2,3
2023-04-14 15:07:24.446047,2986.84,2151.38,1618.28,2,1
2023-04-15 15:07:24.446047,2502.15,852.07,3656.21,3,4
2023-04-16 15:07:24.446047,4312.26,2148.93,1089.07,3,3
2023-04-17 15:07:24.446047,1100.58,704.61,3614.42,4,4
2023-04-18 15:07:24.446047,2563.12,1601.71,2039.64,3,1
2023-04-19 15:07:24.446047,1962.64,1795.61,1580.23,5,5
2023-04-20 15:07:24.446047,3079.13,2394.32,1036.29,4,1
2023-04-21 15:07:24.446047,3393.37,573.01,2184.87,4,4
2023-04-22 15:07:24.446047,4486.37,820.81,3412.38,3,4
2023-04-23 15:07:24.446047,2165.77,2374.06,1716.6,2,4
2023-04-24 15:07:24.446047,1744.74,792.27,2793.67,2,2
2023-04-25 15:07:24.446047,3283.41,546.38,4674.29,2,3
2023-04-26 15:07:24.446047,2753.21,1289.51,4203.53,5,4
2023-04-27 15:07:24.446047,2919.14,2079.39,4467.76,1,2
2023-04-28 15:07:24.446047,4771.53,1219.23,1747.33,5,2
2023-04-29 15:07:24.446047,3579.35,851.41,3506.26,5,2
2023-04-30 15:07:24.446047,2912.82,1852.22,1159.89,3,3
2023-05-01 15:07:24.446047,3317.79,1288.07,1865.32,2,1
2023-05-02 15:07:24.446047,3129.53,1205.7,4403.68,2,2
2023-05-03 15:07:24.446047,4133.95,2146.59,4568.35,1,5
2023-05-04 15:07:24.446047,3163.31,2089.8,1660.89,3,1
2023-05-05 15:07:24.446047,1128.05,683.25,4291.39,2,1
2023-05-06 15:07:24.446047,1055.22,1482.38,4687.02,2,2
2023-05-07 15:07:24.446047,4932.57,881.81,4979.52,1,4
2023-05-08 15:07:24.446047,4270.11,645.43,1485.71,2,5
2023-05-09 15:07:24.446047,4762.5,1854.17,2175.44,4,4
2023-05-10 15:07:24.446047,4295.43,1130.19,1313.78,3,3
2023-05-11 15:07:24.446047,1740.57,737.74,2509.91,5,2
2023-05-12 15:07:24.446047,1439.35,2497.61,1548.91,2,5
2023-05-13 15:07:24.446047,1426.98,1634.45,3266.07,1,3
2023-05-14 15:07:24.446047,2258.99,874.47,1846.09,1,3
2023-05-15 15:07:24.446047,3026.24,1703.77,1509.15,4,5
2023-05-16 15:07:24.446047,1582.13,2413.93,4392.36,2,5
2023-05-17 15:07:24.446047,3993.8,598.92,4440.85,2,5
2023-05-18 15:07:24.446047,4875.62,2162.32,1124.0,2,1
2023-05-19 15:07:24.446047,2761.21,855.79,2463.06,1,5
2023-05-20 15:07:24.446047,4542.38,1387.52,3936.83,4,2
2023-05-21 15:07:24.446047,1867.6,1926.01,2609.68,5,1
2023-05-22 15:07:24.446047,1454.74,1384.47,3416.15,3,1
2023-05-23 15:07:24.446047,1061.55,1821.6,4248.66,3,3
2023-05-24 15:07:24.446047,4086.29,2044.98,3416.51,4,2
2023-05-25 15:07:24.446047,1382.92,1363.6,3701.72,1,1
2023-05-26 15:07:24.446047,3191.05,836.8,1737.71,1,2
2023-05-27 15:07:24.446047,2725.73,806.69,1123.31,1,5
2023-05-28 15:07:24.446047,1909.11,1286.82,2260.63,3,4
2023-05-29 15:07:24.446047,3330.52,2269.29,1940.17,5,1
2023-05-30 15:07:24.446047,4485.63,1523.66,4559.47,3,4
2023-05-31 15:07:24.446047,2669.05,962.41,2099.81,5,3
2023-06-01 15:07:24.446047,1705.44,2494.84,4526.38,3,3
2023-06-02 15:07:24.446047,3190.24,782.21,4677.28,5,1
2023-06-03 15:07:24.446047,3558.44,2385.53,1650.12,3,5
2023-06-04 15:07:24.446047,3227.58,1044.57,4062.92,4,3
2023-06-05 15:07:24.446047,1725.84,947.01,4705.56,4,5
2023-06-06 15:07:24.446047,1273.16,2177.85,1168.01,5,2
2023-06-07 15:07:24.446047,1494.32,2487.3,3687.35,5,3
2023-06-08 15:07:24.446047,2803.84,711.94,1326.27,4,2
2023-06-09 15:07:24.446047,2100.69,2129.01,1077.72,3,4
2023-06-10 15:07:24.446047,3441.75,1549.53,1219.42,1,3
2023-06-11 15:07:24.446047,4807.38,1014.51,1132.11,3,3
2023-06-12 15:07:24.446047,1764.26,1581.49,2265.08,2,2
2023-06-13 15:07:24.446047,4913.34,1891.83,2760.18,2,3
2023-06-14 15:07:24.446047,4904.57,1195.09,4916.35,4,1
2023-06-15 15:07:24.446047,1097.26,1400.87,3823.94,1,1
2023-06-16 15:07:24.446047,4959.38,666.89,1517.45,5,5
2023-06-17 15:07:24.446047,3291.96,716.26,3773.59,4,4
2023-06-18 15:07:24.446047,3767.96,1380.1,1740.44,1,5
2023-06-19 15:07:24.446047,1450.09,1883.68,4242.4,5,2
2023-06-20 15:07:24.446047,3451.69,542.07,1844.86,1,5
2023-06-21 15:07:24.446047,3635.95,1011.75,2625.15,2,5
2023-06-22 15:07:24.446047,2891.52,1806.4,1460.11,3,1
2023-06-23 15:07:24.446047,2184.65,1608.5,2688.23,3,2
2023-06-24 15:07:24.446047,1483.48,1889.66,3130.59,4,3
2023-06-25 15:07:24.446047,4370.97,1008.83,3781.24,2,3
2023-06-26 15:07:24.446047,3476.65,2443.28,1556.91,1,3
2023-06-27 15:07:24.446047,2407.39,1214.2,1309.19,5,5
2023-06-28 15:07:24.446047,3037.27,1259.27,1475.61,1,4
2023-06-29 15:07:24.446047,4103.8,1384.83,2661.89,1,1
2023-06-30 15:07:24.446047,3550.66,693.9,2670.76,3,1
2023-07-01 15:07:24.446047,1501.7,1687.06,2350.59,4,3
2023-07-02 15:07:24.446047,4873.16,2090.68,4113.03,3,2
2023-07-03 15:07:24.446047,2542.0,1046.9,3141.06,1,2
2023-07-04 15:07:24.446047,4224.78,2086.12,1654.69,1,2
2023-07-05 15:07:24.446047,1447.17,2081.65,3722.04,4,1
2023-07-06 15:07:24.446047,4307.52,1953.94,4841.42,1,5
2023-07-07 15:07:24.446047,4604.1,1717.89,3959.15,5,1
2023-07-08 15:07:24.446047,4262.2,1978.8,1678.97,1,2
2023-07-09 15:07:24.446047,4328.77,1571.45,3478.75,3,1
2023-07-10 15:07:24.446047,1921.9,1145.54,3274.17,3,4
2023-07-11 15:07:24.446047,3074.04,892.84,4749.04,4,2
2023-07-12 15:07:24.446047,3951.5,1924.48,3634.0,1,4
2023-07-13 15:07:24.446047,4487.85,2416.14,1697.39,1,5
2023-07-14 15:07:24.446047,1611.19,1191.93,3364.93,5,2
2023-07-15 15:07:24.446047,1497.34,934.64,4610.96,5,4
2023-07-16 15:07:24.446047,1560.67,2381.26,4281.41,1,5
2023-07-17 15:07:24.446047,1999.74,2288.3,1533.85,1,5
2023-07-18 15:07:24.446047,1950.37,1765.71,3495.31,1,2
2023-07-19 15:07:24.446047,3097.92,1599.12,4540.24,3,5
2023-07-20 15:07:24.446047,4424.06,1605.75,1308.23,2,2
2023-07-21 15:07:24.446047,4733.05,540.46,1681.98,5,4
2023-07-22 15:07:24.446047,4531.18,1102.88,4277.73,1,3
2023-07-23 15:07:24.446047,4101.5,1593.16,2883.88,3,5
2023-07-24 15:07:24.446047,3967.02,2201.32,4332.36,4,3
2023-07-25 15:07:24.446047,3428.72,802.65,2600.75,2,2
2023-07-26 15:07:24.446047,4030.64,2435.8,2936.0,2,5
2023-07-27 15:07:24.446047,2746.36,1049.59,2687.15,2,5
2023-07-28 15:07:24.446047,2103.3,1923.03,2552.86,1,1
2023-07-29 15:07:24.446047,3033.38,963.26,2360.09,1,3
2023-07-30 15:07:24.446047,2592.81,843.91,1116.38,5,4
2023-07-31 15:07:24.446047,3330.67,2288.82,3376.73,1,1
2023-08-01 15:07:24.446047,3217.34,1814.93,3423.52,2,3
2023-08-02 15:07:24.446047,2294.87,1537.54,3188.75,2,4
2023-08-03 15:07:24.446047,1048.75,754.43,4997.38,3,4
2023-08-04 15:07:24.446047,2652.32,946.54,2200.1,3,4
2023-08-05 15:07:24.446047,1075.88,1909.25,4150.97,3,5
2023-08-06 15:07:24.446047,4158.86,2007.62,3178.34,2,4
2023-08-07 15:07:24.446047,1659.52,537.21,1680.52,4,5
2023-08-08 15:07:24.446047,4144.19,1575.46,4929.32,3,2
2023-08-09 15:07:24.446047,2631.18,1882.4,1758.69,2,2
2023-08-10 15:07:24.446047,3352.23,556.5,4535.06,4,2
2023-08-11 15:07:24.446047,1255.02,2363.77,1893.68,5,5
2023-08-12 15:07:24.446047,2913.33,932.76,4862.23,4,4
2023-08-13 15:07:24.446047,3026.42,2107.76,2448.97,5,1
2023-08-14 15:07:24.446047,3932.7,1960.29,1545.19,3,5
2023-08-15 15:07:24.446047,4266.69,717.85,1957.82,1,4
2023-08-16 15:07:24.446047,4719.84,1815.74,2942.0,5,2
2023-08-17 15:07:24.446047,3676.5,2152.25,2476.83,4,4
2023-08-18 15:07:24.446047,4014.95,1486.83,2114.82,4,1
2023-08-19 15:07:24.446047,1575.06,582.47,4520.66,2,2
2023-08-20 15:07:24.446047,3142.44,782.85,1453.41,4,1
2023-08-21 15:07:24.446047,3594.72,1161.06,2044.03,4,4
2023-08-22 15:07:24.446047,4086.14,1965.54,3388.1,3,3
2023-08-23 15:07:24.446047,1531.09,848.38,2846.9,2,5
2023-08-24 15:07:24.446047,1475.73,2063.39,1025.7,4,2
2023-08-25 15:07:24.446047,2385.4,2144.83,1098.41,2,3
2023-08-26 15:07:24.446047,4533.22,887.99,3237.75,3,3
2023-08-27 15:07:24.446047,2457.41,2044.96,2422.14,3,2
2023-08-28 15:07:24.446047,4967.73,1168.63,3530.11,4,3
2023-08-29 15:07:24.446047,1949.59,1025.0,3515.54,3,3
2023-08-30 15:07:24.446047,4435.49,2195.8,4653.67,2,3
2023-08-31 15:07:24.446047,2077.7,2185.14,1204.83,2,2
2023-09-01 15:07:24.446047,1854.12,2111.16,1233.15,2,5
2023-09-02 15:07:24.446047,4569.45,2013.35,3702.07,4,2
2023-09-03 15:07:24.446047,2853.6,1435.5,3527.23,3,4
2023-09-04 15:07:24.446047,1233.03,2339.19,3842.91,2,3
2023-09-05 15:07:24.446047,3905.8,601.84,3985.63,2,3
2023-09-06 15:07:24.446047,2641.07,769.11,3918.69,1,2
2023-09-07 15:07:24.446047,3964.54,1174.1,4506.26,2,5
2023-09-08 15:07:24.446047,2330.72,724.87,2602.72,1,4
2023-09-09 15:07:24.446047,1158.97,2155.82,2464.95,4,3
2023-09-10 15:07:24.446047,1286.19,862.81,3664.7,2,2
2023-09-11 15:07:24.446047,2182.88,1152.65,2655.78,1,3
2023-09-12 15:07:24.446047,4691.67,880.82,1013.59,5,2
2023-09-13 15:07:24.446047,1783.03,2230.88,1624.52,3,2
2023-09-14 15:07:24.446047,4352.54,1555.2,3873.87,4,4
2023-09-15 15:07:24.446047,4237.01,502.18,4836.05,1,3
2023-09-16 15:07:24.446047,2251.36,695.14,2520.19,4,3
2023-09-17 15:07:24.446047,4406.92,1820.05,2858.59,4,4
2023-09-18 15:07:24.446047,2113.93,1028.85,2577.23,4,2
2023-09-19 15:07:24.446047,1694.04,1665.8,4536.53,5,5
2023-09-20 15:07:24.446047,4486.04,2423.38,2147.62,5,2
2023-09-21 15:07:24.446047,2071.92,2247.81,3853.47,3,5
2023-09-22 15:07:24.446047,3935.54,1947.96,2740.18,3,5
2023-09-23 15:07:24.446047,1924.89,744.08,3784.04,4,1
2023-09-24 15:07:24.446047,3919.92,1132.42,3905.1,2,5
2023-09-25 15:07:24.446047,1713.17,1965.43,3676.24,3,5
2023-09-26 15:07:24.446047,4834.91,1519.64,1309.35,4,2
2023-09-27 15:07:24.446047,2825.52,1845.24,1658.97,5,3
2023-09-28 15:07:24.446047,2769.71,2368.61,2323.51,4,3
2023-09-29 15:07:24.446047,4841.18,904.21,3515.31,3,3
2023-09-30 15:07:24.446047,1757.47,1845.96,3522.39,4,3
2023-10-01 15:07:24.446047,2464.94,1627.67,3577.19,3,2
2023-10-02 15:07:24.446047,2022.75,1395.37,2413.53,3,5
2023-10-03 15:07:24.446047,1338.4,1177.41,1827.3,2,4
2023-10-04 15:07:24.446047,1813.33,1465.37,3646.31,3,5
2023-10-05 15:07:24.446047,4286.2,1840.0,2793.38,3,5
2023-10-06 15:07:24.446047,1867.39,2248.52,4344.4,2,4
2023-10-07 15:07:24.446047,3314.56,2072.17,3521.25,2,1
2023-10-08 15:07:24.446047,2483.25,2463.19,2396.35,5,3
2023-10-09 15:07:24.446047,4578.25,2160.77,2484.53,5,4
2023-10-10 15:07:24.446047,4757.39,1165.48,3439.56,1,2
2023-10-11 15:07:24.446047,2226.65,1863.14,4253.61,3,4
2023-10-12 15:07:24.446047,3528.86,2389.09,2053.23,3,1
2023-10-13 15:07:24.446047,4865.73,1073.42,2219.51,5,2
2023-10-14 15:07:24.446047,3741.06,2494.41,4783.0,4,2
2023-10-15 15:07:24.446047,1451.83,2137.9,2492.17,3,2
2023-10-16 15:07:24.446047,1726.96,1185.93,1004.7,5,4
2023-10-17 15:07:24.446047,2082.99,866.9,1043.16,3,1
2023-10-18 15:07:24.446047,1896.36,715.91,2787.61,2,3
2023-10-19 15:07:24.446047,4884.11,974.87,3357.88,3,4
2023-10-20 15:07:24.446047,4282.47,1821.15,1507.11,4,4
2023-10-21 15:07:24.446047,4509.9,1061.45,3989.12,4,3
2023-10-22 15:07:24.446047,4159.14,1051.71,3948.43,5,4
2023-10-23 15:07:24.446047,4257.75,616.58,3441.35,1,4
2023-10-24 15:07:24.446047,3391.12,2206.28,2487.36,2,4
2023-10-25 15:07:24.446047,3074.61,1239.47,4249.75,4,1
2023-10-26 15:07:24.446047,2861.31,1606.09,1197.48,1,5
2023-10-27 15:07:24.446047,4847.02,2004.92,4407.99,4,2
2023-10-28 15:07:24.446047,2394.39,1178.64,1568.45,2,3
2023-10-29 15:07:24.446047,4058.11,1721.69,2353.01,3,3
2023-10-30 15:07:24.446047,3919.8,2093.95,4186.3,4,1
2023-10-31 15:07:24.446047,1193.46,2443.92,2932.2,2,1
2023-11-01 15:07:24.446047,1476.46,1367.63,4869.88,1,3
2023-11-02 15:07:24.446047,2969.27,1047.28,4588.05,3,2
2023-11-03 15:07:24.446047,3422.6,1882.06,1856.65,4,3
2023-11-04 15:07:24.446047,4951.58,2397.15,2633.29,3,4
2023-11-05 15:07:24.446047,1103.03,550.89,2214.01,1,1
2023-11-06 15:07:24.446047,3121.86,796.95,1529.5,1,3
2023-11-07 15:07:24.446047,1689.93,959.82,1302.45,1,2
2023-11-08 15:07:24.446047,4022.88,2192.51,1177.24,3,4
2023-11-09 15:07:24.446047,2102.88,2128.38,2677.89,3,4
2023-11-10 15:07:24.446047,1980.83,2468.78,1766.16,1,1
2023-11-11 15:07:24.446047,2649.09,1251.57,1750.71,4,2
2023-11-12 15:07:24.446047,1003.72,1791.83,4120.94,2,1
2023-11-13 15:07:24.446047,2921.07,1269.26,1095.31,4,4
2023-11-14 15:07:24.446047,4446.24,1113.25,2651.88,4,4
2023-11-15 15:07:24.446047,4691.61,1590.92,1772.65,2,5
2023-11-16 15:07:24.446047,3260.25,2022.85,2014.98,1,1
2023-11-17 15:07:24.446047,2479.55,1379.67,1447.85,5,1
2023-11-18 15:07:24.446047,1971.93,2236.09,3213.45,3,5
2023-11-19 15:07:24.446047,2820.51,629.84,3763.77,3,5
2023-11-20 15:07:24.446047,2511.29,689.42,2047.21,5,2
2023-11-21 15:07:24.446047,3760.15,1279.11,1821.36,2,4
2023-11-22 15:07:24.446047,3835.34,919.35,1580.14,2,4
2023-11-23 15:07:24.446047,4601.06,2054.65,3249.96,1,1
2023-11-24 15:07:24.446047,2260.81,1638.48,2638.55,5,5
2023-11-25 15:07:24.446047,1366.78,990.29,1328.05,3,4
2023-11-26 15:07:24.446047,2937.8,1381.73,1929.46,5,2
2023-11-27 15:07:24.446047,3426.56,1507.28,4222.82,4,1
2023-11-28 15:07:24.446047,4219.56,2381.29,4335.85,2,4
2023-11-29 15:07:24.446047,2145.26,1437.85,2103.81,3,1
2023-11-30 15:07:24.446047,1308.53,1538.03,2769.62,5,1
2023-12-01 15:07:24.446047,4532.65,1642.75,4362.75,5,1
2023-12-02 15:07:24.446047,3027.89,1583.04,2929.38,1,2
2023-12-03 15:07:24.446047,1202.82,1886.98,4419.88,5,3
2023-12-04 15:07:24.446047,1226.24,1214.48,4564.64,1,4
2023-12-05 15:07:24.446047,1759.87,760.09,4470.45,5,1
2023-12-06 15:07:24.446047,2427.46,1378.69,4189.2,4,2
2023-12-07 15:07:24.446047,3960.11,2030.01,1398.5,4,1
2023-12-08 15:07:24.446047,3479.14,780.33,4235.92,3,5
2023-12-09 15:07:24.446047,1245.23,545.26,2477.58,1,3
2023-12-10 15:07:24.446047,4859.06,2038.56,3288.24,2,1
2023-12-11 15:07:24.446047,1170.98,641.67,3429.86,4,1
2023-12-12 15:07:24.446047,1601.5,1876.24,1914.52,1,5
2023-12-13 15:07:24.446047,4882.53,1510.39,1234.56,1,1
2023-12-14 15:07:24.446047,2449.92,2076.69,1581.74,4,1
2023-12-15 15:07:24.446047,3348.26,2473.79,1586.49,2,5
2023-12-16 15:07:24.446047,1264.89,739.25,4927.86,3,3
2023-12-17 15:07:24.446047,2653.08,2256.97,3950.1,5,1
2023-12-18 15:07:24.446047,3991.29,1693.23,4494.7,2,1
2023-12-19 15:07:24.446047,4057.75,1589.11,1310.65,3,1
2023-12-20 15:07:24.446047,3850.36,1986.06,2361.62,3,2
2023-12-21 15:07:24.446047,1271.68,1093.88,1877.47,5,5
2023-12-22 15:07:24.446047,4251.23,1011.83,2287.76,1,3
2023-12-23 15:07:24.446047,2040.41,565.01,3020.01,3,1
2023-12-24 15:07:24.446047,3220.63,1388.39,1131.95,2,3
2023-12-25 15:07:24.446047,4886.39,2180.04,4236.62,2,1
2023-12-26 15:07:24.446047,3334.89,2324.5,1597.78,5,3
2023-12-27 15:07:24.446047,4307.0,1866.44,2003.94,2,5
2023-12-28 15:07:24.446047,2347.52,1492.47,2404.02,4,4
2023-12-29 15:07:24.446047,2780.6,1574.65,4258.43,5,5
2023-12-30 15:07:24.446047,2747.45,1249.61,4885.83,2,5
2023-12-31 15:07:24.446047,2143.76,570.95,1010.88,1,1
2024-01-01 15:07:24.446047,4832.18,1222.98,2875.76,3,2
2024-01-02 15:07:24.446047,2365.15,1775.58,4232.79,1,2
2024-01-03 15:07:24.446047,4656.09,1973.69,2438.15,2,3
2024-01-04 15:07:24.446047,2496.92,2106.97,1604.95,2,3
2024-01-05 15:07:24.446047,2556.36,2361.1,3166.69,2,4
2024-01-06 15:07:24.446047,3170.24,2350.32,4499.65,3,2
2024-01-07 15:07:24.446047,4543.04,2278.42,4629.6,1,4
2024-01-08 15:07:24.446047,3326.98,1943.29,3120.66,1,1
2024-01-09 15:07:24.446047,2597.03,667.23,4557.57,1,3
2024-01-10 15:07:24.446047,3886.43,2270.51,3928.83,1,3
2024-01-11 15:07:24.446047,3506.16,2144.63,4283.53,3,3
2024-01-12 15:07:24.446047,3108.12,1448.27,4348.55,3,4
2024-01-13 15:07:24.446047,3891.83,1936.08,2322.74,1,5
2024-01-14 15:07:24.446047,3446.58,567.55,1462.04,4,5
2024-01-15 15:07:24.446047,2797.57,2280.81,3365.62,4,4
2024-01-16 15:07:24.446047,4864.28,678.86,1134.14,4,3
2024-01-17 15:07:24.446047,3600.52,1674.69,4452.56,4,5
2024-01-18 15:07:24.446047,2800.32,1264.52,3573.29,5,2
2024-01-19 15:07:24.446047,4191.44,1975.74,1029.84,4,5
2024-01-20 15:07:24.446047,2488.83,1726.7,3358.42,3,1
2024-01-21 15:07:24.446047,3508.31,1925.94,3732.83,1,2
2024-01-22 15:07:24.446047,3567.68,1363.01,1011.48,5,1
2024-01-23 15:07:24.446047,2799.87,1820.16,4639.88,2,1
2024-01-24 15:07:24.446047,3271.84,642.98,3971.77,5,2
2024-01-25 15:07:24.446047,3998.17,1698.26,1343.89,2,2
2024-01-26 15:07:24.446047,1118.58,2387.51,2803.87,5,3
2024-01-27 15:07:24.446047,1368.52,911.19,4943.33,5,2
2024-01-28 15:07:24.446047,1231.04,637.67,3478.12,2,2
2024-01-29 15:07:24.446047,2686.87,2264.06,1080.08,3,1
2024-01-30 15:07:24.446047,3498.46,1524.04,2702.97,4,3
2024-01-31 15:07:24.446047,3439.63,1524.09,4306.92,1,3
2024-02-01 15:07:24.446047,1241.15,748.15,4632.32,4,3
2024-02-02 15:07:24.446047,4243.95,556.47,2355.49,4,4
2024-02-03 15:07:24.446047,2716.8,1254.65,1087.48,5,4
2024-02-04 15:07:24.446047,1673.25,1013.87,1373.03,2,1
2024-02-05 15:07:24.446047,4351.24,815.47,2263.93,4,5
2024-02-06 15:07:24.446047,4175.57,2472.68,3937.06,2,5
2024-02-07 15:07:24.446047,3806.45,1559.09,1339.19,4,5
2024-02-08 15:07:24.446047,3689.43,764.3,3080.85,2,5
2024-02-09 15:07:24.446047,1540.07,1943.32,2661.62,5,5
2024-02-10 15:07:24.446047,3635.26,1965.11,1000.88,4,4
2024-02-11 15:07:24.446047,4926.48,2423.83,1778.62,2,5
2024-02-12 15:07:24.446047,3964.93,506.6,2244.92,3,1
2024-02-13 15:07:24.446047,4778.62,1939.01,1287.44,2,3
2024-02-14 15:07:24.446047,4784.06,1803.0,2677.3,3,5
2024-02-15 15:07:24.446047,4358.06,2037.96,3490.37,4,2
2024-02-16 15:07:24.446047,3894.45,2064.65,4279.07,3,4
2024-02-17 15:07:24.446047,3001.83,1135.39,1413.22,3,2
2024-02-18 15:07:24.446047,4324.41,2251.44,4474.93,3,5
2024-02-19 15:07:24.446047,1228.18,1140.23,4933.41,3,4
2024-02-20 15:07:24.446047,4508.51,631.31,3140.31,1,4
2024-02-21 15:07:24.446047,3797.0,2464.83,2336.0,3,3
2024-02-22 15:07:24.446047,3517.21,1064.16,3181.65,5,1
2024-02-23 15:07:24.446047,3589.77,876.48,1993.97,5,2
2024-02-24 15:07:24.446047,2142.61,1786.61,1862.28,5,4
2024-02-25 15:07:24.446047,4647.61,516.75,3832.22,1,5
2024-02-26 15:07:24.446047,4570.67,927.93,1628.68,1,3
2024-02-27 15:07:24.446047,1475.35,1613.07,4700.48,5,5
2024-02-28 15:07:24.446047,4763.17,1044.32,1504.29,5,2
2024-02-29 15:07:24.446047,4635.98,948.9,2161.89,5,5
2024-03-01 15:07:24.446047,3768.83,2186.87,1207.21,3,4
2024-03-02 15:07:24.446047,3162.41,1847.42,4171.78,2,3
2024-03-03 15:07:24.446047,1332.55,2204.34,2933.22,2,3
2024-03-04 15:07:24.446047,2623.79,762.96,4718.5,4,2
2024-03-05 15:07:24.446047,3640.97,910.36,1027.65,1,3
2024-03-06 15:07:24.446047,4309.38,760.54,1862.89,2,5
2024-03-07 15:07:24.446047,2212.27,1424.25,1562.27,5,2
2024-03-08 15:07:24.446047,1395.48,2402.61,4865.88,1,2
2024-03-09 15:07:24.446047,4905.47,1067.18,1441.05,2,1
2024-03-10 15:07:24.446047,3928.35,1554.97,4296.84,4,3
2024-03-11 15:07:24.446047,3842.1,2250.61,1615.75,3,2
2024-03-12 15:07:24.446047,2427.87,1245.5,4758.38,5,1
2024-03-13 15:07:24.446047,1413.84,1099.0,4930.21,3,1
2024-03-14 15:07:24.446047,1140.19,2490.4,4102.83,2,3
2024-03-15 15:07:24.446047,4309.72,2365.73,4019.44,1,3
2024-03-16 15:07:24.446047,3883.57,875.37,2750.87,2,5
2024-03-17 15:07:24.446047,2802.27,1356.88,1482.91,3,5
2024-03-18 15:07:24.446047,1484.73,1228.15,4574.47,3,2
2024-03-19 15:07:24.446047,3617.26,860.62,2462.03,4,2
2024-03-20 15:07:24.446047,2264.3,2023.17,2625.61,2,2
2024-03-21 15:07:24.446047,4176.04,967.58,1702.44,4,2
2024-03-22 15:07:24.446047,3131.33,600.78,1449.85,2,5
2024-03-23 15:07:24.446047,1565.05,1834.83,3672.89,2,3
2024-03-24 15:07:24.446047,4249.46,2411.27,1650.61,5,4
2024-03-25 15:07:24.446047,3293.06,2365.61,2034.86,1,5
2024-03-26 15:07:24.446047,2825.08,1080.26,3068.47,2,4
2024-03-27 15:07:24.446047,4518.66,926.9,1524.93,3,2
2024-03-28 15:07:24.446047,1124.89,2427.74,3359.96,2,5
2024-03-29 15:07:24.446047,3998.27,1481.79,1326.66,4,4
2024-03-30 15:07:24.446047,4791.21,1902.1,4684.7,3,1
2024-03-31 15:07:24.446047,1719.84,2044.49,3074.12,4,1
2024-04-01 15:07:24.446047,3085.51,2221.46,4358.77,1,5
2024-04-02 15:07:24.446047,3138.27,560.73,2778.33,4,1
2024-04-03 15:07:24.446047,4932.08,1924.99,1383.87,2,5
2024-04-04 15:07:24.446047,3973.86,2247.85,2129.57,4,1
2024-04-05 15:07:24.446047,3967.51,1133.94,4379.41,3,1
2024-04-06 15:07:24.446047,1240.08,2260.71,4859.1,5,3
2024-04-07 15:07:24.446047,2079.69,640.39,2000.94,1,3
2024-04-08 15:07:24.446047,4278.15,861.12,4888.05,4,1
2024-04-09 15:07:24.446047,1347.64,1141.03,3129.1,4,4
2024-04-10 15:07:24.446047,1093.16,2252.69,4871.46,3,1
2024-04-11 15:07:24.446047,4471.6,2065.36,3832.43,1,4
2024-04-12 15:07:24.446047,3086.11,1684.06,4322.86,2,2
2024-04-13 15:07:24.446047,4965.68,1884.51,3398.95,2,2
2024-04-14 15:07:24.446047,2271.22,1531.66,2914.66,5,4
2024-04-15 15:07:24.446047,2689.35,649.0,2814.89,2,3
2024-04-16 15:07:24.446047,4338.55,1990.31,1792.9,5,2
2024-04-17 15:07:24.446047,1225.82,1606.52,4122.58,3,5
2024-04-18 15:07:24.446047,1661.29,2276.93,3922.07,5,5
2024-04-19 15:07:24.446047,1551.12,2332.85,2500.57,3,3
2024-04-20 15:07:24.446047,3953.68,644.23,4700.75,2,3
2024-04-21 15:07:24.446047,1549.01,2001.57,3576.93,3,2
2024-04-22 15:07:24.446047,2021.66,829.43,1267.18,3,1
2024-04-23 15:07:24.446047,4620.66,1615.33,2929.99,4,4
2024-04-24 15:07:24.446047,1226.06,1765.2,2963.75,1,1
2024-04-25 15:07:24.446047,4375.29,2104.09,1781.08,3,5
2024-04-26 15:07:24.446047,3879.59,2057.98,2514.26,5,4
2024-04-27 15:07:24.446047,2687.43,1950.55,3898.84,4,4
2024-04-28 15:07:24.446047,4886.76,2202.94,3664.75,2,2
2024-04-29 15:07:24.446047,4705.98,1059.95,2739.9,3,4
2024-04-30 15:07:24.446047,2886.17,1292.94,3924.24,3,4
2024-05-01 15:07:24.446047,4256.86,1182.69,2140.1,1,3
2024-05-02 15:07:24.446047,3726.73,2104.72,1390.5,4,3
2024-05-03 15:07:24.446047,1233.14,662.87,4471.53,4,1
2024-05-04 15:07:24.446047,3586.83,2132.32,4377.6,5,3
2024-05-05 15:07:24.446047,3829.36,899.54,1577.91,1,5
2024-05-06 15:07:24.446047,2733.26,1318.68,4637.87,4,2
2024-05-07 15:07:24.446047,4725.01,1910.96,1861.52,5,5
2024-05-08 15:07:24.446047,1056.13,1697.86,4406.95,1,3
2024-05-09 15:07:24.446047,3700.32,1489.04,4571.82,3,5
2024-05-10 15:07:24.446047,4788.78,1686.99,2056.65,3,1
2024-05-11 15:07:24.446047,2365.36,1958.72,4477.88,3,3
2024-05-12 15:07:24.446047,2839.31,2346.67,2517.05,1,1
2024-05-13 15:07:24.446047,4368.15,1424.84,1943.93,2,4
2024-05-14 15:07:24.446047,4763.63,2433.75,4464.71,2,1
2024-05-15 15:07:24.446047,2628.05,1435.75,2569.29,2,5
2024-05-16 15:07:24.446047,1071.71,1591.01,1467.47,2,3
2024-05-17 15:07:24.446047,4823.94,1867.66,3395.25,3,5
2024-05-18 15:07:24.446047,2406.86,1834.32,2499.62,3,4
2024-05-19 15:07:24.446047,2828.87,1796.25,4103.02,2,2
2024-05-20 15:07:24.446047,1609.92,1155.01,4849.89,4,4
2024-05-21 15:07:24.446047,4614.89,1822.43,3075.73,4,3
2024-05-22 15:07:24.446047,3478.48,2362.76,4993.8,2,5
2024-05-23 15:07:24.446047,2503.05,2220.86,4584.82,2,4
2024-05-24 15:07:24.446047,3960.89,1574.66,4767.27,2,3
2024-05-25 15:07:24.446047,2909.95,1223.61,3475.52,5,1
2024-05-26 15:07:24.446047,2589.61,1166.52,3626.27,3,3
2024-05-27 15:07:24.446047,2862.15,2081.96,4174.87,4,3
2024-05-28 15:07:24.446047,3282.89,1302.12,3788.46,1,1
2024-05-29 15:07:24.446047,2892.22,1176.4,1980.31,1,1
2024-05-30 15:07:24.446047,4916.43,854.73,1916.72,5,5
2024-05-31 15:07:24.446047,3471.2,1945.87,3899.46,3,4
2024-06-01 15:07:24.446047,4760.3,639.48,1525.01,5,4
2024-06-02 15:07:24.446047,2118.29,2006.21,4073.76,3,5
2024-06-03 15:07:24.446047,3955.35,1736.25,4134.53,3,3
2024-06-04 15:07:24.446047,1254.64,2248.43,1300.28,3,1
2024-06-05 15:07:24.446047,4145.49,1359.93,2098.11,1,1
2024-06-06 15:07:24.446047,3721.39,2090.23,4079.15,5,2
2024-06-07 15:07:24.446047,3587.18,962.58,1929.9,5,3
2024-06-08 15:07:24.446047,2287.15,2301.15,1661.78,3,3
2024-06-09 15:07:24.446047,3649.71,717.64,4835.53,5,4
2024-06-10 15:07:24.446047,2966.65,1172.31,4065.54,4,1
2024-06-11 15:07:24.446047,3417.74,1970.56,3743.23,4,1
2024-06-12 15:07:24.446047,3163.96,1372.93,2763.77,5,5
2024-06-13 15:07:24.446047,3210.58,1954.89,3986.62,1,5
2024-06-14 15:07:24.446047,2095.4,529.52,2508.49,3,5
2024-06-15 15:07:24.446047,2441.83,517.93,2304.75,3,4
2024-06-16 15:07:24.446047,1431.82,2328.12,4399.04,4,2
2024-06-17 15:07:24.446047,3451.77,2387.97,1445.64,5,1
2024-06-18 15:07:24.446047,2107.78,968.77,4258.27,4,2
2024-06-19 15:07:24.446047,4274.42,1262.47,3418.09,5,3
2024-06-20 15:07:24.446047,4639.42,2104.63,1833.46,5,4
2024-06-21 15:07:24.446047,4428.55,1325.15,3750.8,1,3
2024-06-22 15:07:24.446047,4767.68,1931.71,1759.53,1,1
2024-06-23 15:07:24.446047,1863.63,1907.48,4220.82,2,3
2024-06-24 15:07:24.446047,2329.64,1486.91,1834.66,2,1
2024-06-25 15:07:24.446047,2714.57,1989.14,2782.81,5,1
2024-06-26 15:07:24.446047,2573.64,728.45,1591.86,1,5
2024-06-27 15:07:24.446047,3291.92,1134.28,2139.01,3,2
2024-06-28 15:07:24.446047,4079.64,1522.42,1999.41,5,5
2024-06-29 15:07:24.446047,1111.86,1381.9,4559.36,1,4
2024-06-30 15:07:24.446047,2624.81,1956.45,4651.67,1,2
2024-07-01 15:07:24.446047,2396.37,2042.35,4189.43,2,3
2024-07-02 15:07:24.446047,1313.03,1777.69,3137.42,2,4
2024-07-03 15:07:24.446047,4711.78,791.32,4321.08,2,4
2024-07-04 15:07:24.446047,2554.92,1772.76,3587.57,4,5
2024-07-05 15:07:24.446047,3309.62,542.56,3754.73,1,4
2024-07-06 15:07:24.446047,2074.52,823.66,2773.74,1,3
2024-07-07 15:07:24.446047,4060.35,2463.07,4954.08,2,5
2024-07-08 15:07:24.446047,1902.5,2135.34,2075.37,4,1
2024-07-09 15:07:24.446047,2959.68,694.9,4394.59,1,5
2024-07-10 15:07:24.446047,3529.83,1754.82,1319.64,2,3
2024-07-11 15:07:24.446047,1715.91,1014.17,4009.65,1,1
2024-07-12 15:07:24.446047,4880.11,1337.37,4964.6,2,2
2024-07-13 15:07:24.446047,2503.46,2117.6,2605.24,5,3
2024-07-14 15:07:24.446047,1210.96,864.55,3743.82,1,2
2024-07-15 15:07:24.446047,2345.58,1425.89,1840.43,4,4
2024-07-16 15:07:24.446047,2137.5,511.96,2463.4,3,2
2024-07-17 15:07:24.446047,2004.52,1735.97,1956.68,1,3
2024-07-18 15:07:24.446047,3680.61,668.75,4603.96,3,2
2024-07-19 15:07:24.446047,4696.84,2489.31,4961.28,5,4
2024-07-20 15:07:24.446047,2557.93,1600.32,4228.0,2,2
2024-07-21 15:07:24.446047,2391.59,1331.31,1308.06,5,3
2024-07-22 15:07:24.446047,2685.11,1221.51,1151.79,2,4
2024-07-23 15:07:24.446047,2659.12,1019.64,3761.74,3,3
2024-07-24 15:07:24.446047,2473.35,1724.53,3942.34,2,4
2024-07-25 15:07:24.446047,2447.21,943.92,2847.79,1,4
2024-07-26 15:07:24.446047,1607.78,1362.95,3430.2,5,4
2024-07-27 15:07:24.446047,2549.39,566.65,2709.26,4,1
2024-07-28 15:07:24.446047,1649.35,2460.37,3400.76,2,3
2024-07-29 15:07:24.446047,3969.59,1300.17,3964.01,4,4
2024-07-30 15:07:24.446047,1772.84,2311.97,4947.24,2,3
2024-07-31 15:07:24.446047,1635.14,1932.74,2970.23,5,1
2024-08-01 15:07:24.446047,4313.99,1656.58,3059.31,5,5
2024-08-02 15:07:24.446047,4075.98,638.41,1103.4,1,3
2024-08-03 15:07:24.446047,4301.23,1627.24,2804.73,1,2
2024-08-04 15:07:24.446047,3731.58,1674.92,4715.4,2,3
2024-08-05 15:07:24.446047,3106.28,1369.24,2729.81,3,3
2024-08-06 15:07:24.446047,2949.09,1666.7,1965.65,5,1
2024-08-07 15:07:24.446047,2493.06,2207.3,3883.28,5,5
2024-08-08 15:07:24.446047,1463.8,1197.32,3587.66,1,5
2024-08-09 15:07:24.446047,3559.17,1241.44,4804.5,3,2
2024-08-10 15:07:24.446047,4497.62,1456.95,3710.48,4,5
2024-08-11 15:07:24.446047,4928.25,1983.44,3840.92,2,4
2024-08-12 15:07:24.446047,2107.43,1234.8,3496.42,1,1
2024-08-13 15:07:24.446047,4939.48,953.17,2174.15,5,2
2024-08-14 15:07:24.446047,1330.03,1099.45,2843.93,2,4
2024-08-15 15:07:24.446047,3994.78,1332.74,3376.27,2,1
2024-08-16 15:07:24.446047,2464.06,2452.13,2607.41,1,4
2024-08-17 15:07:24.446047,4288.8,1310.06,1418.98,2,1
2024-08-18 15:07:24.446047,1146.46,1684.89,2120.93,4,2
2024-08-19 15:07:24.446047,4794.69,833.12,3025.84,2,4
2024-08-20 15:07:24.446047,3196.89,675.83,1751.24,5,1
2024-08-21 15:07:24.446047,1743.11,2027.88,1748.85,4,2
2024-08-22 15:07:24.446047,1791.58,2187.59,1315.93,1,1
2024-08-23 15:07:24.446047,1527.63,1595.22,4009.15,2,2
2024-08-24 15:07:24.446047,4157.87,1612.24,2230.63,1,3
2024-08-25 15:07:24.446047,4388.54,1705.1,2552.85,1,1
2024-08-26 15:07:24.446047,2248.94,2475.36,4669.17,2,5
2024-08-27 15:07:24.446047,4638.2,1217.19,1732.49,5,5
2024-08-28 15:07:24.446047,2700.11,2239.47,2350.64,4,1
2024-08-29 15:07:24.446047,3746.4,620.81,4440.85,3,4
2024-08-30 15:07:24.446047,3692.92,848.65,2414.1,2,4
2024-08-31 15:07:24.446047,2166.52,1893.89,1584.42,4,3
2024-09-01 15:07:24.446047,1066.92,1568.67,4956.95,3,3
2024-09-02 15:07:24.446047,2969.07,1603.87,4958.05,3,4
2024-09-03 15:07:24.446047,3797.15,955.46,3591.26,2,5
2024-09-04 15:07:24.446047,3396.61,1011.17,3417.99,5,2
2024-09-05 15:07:24.446047,4545.68,2057.81,4062.22,4,4
2024-09-06 15:07:24.446047,2403.24,1142.19,1007.93,3,2
2024-09-07 15:07:24.446047,1366.75,2279.39,4483.23,1,1
2024-09-08 15:07:24.446047,2949.47,728.99,1922.48,1,4
2024-09-09 15:07:24.446047,3493.75,1620.6,3776.12,1,1
2024-09-10 15:07:24.446047,4509.95,1603.44,2543.4,1,3
2024-09-11 15:07:24.446047,4999.66,1940.98,1514.07,4,4
2024-09-12 15:07:24.446047,3844.75,1706.54,2030.76,1,5
2024-09-13 15:07:24.446047,2581.81,601.89,3232.96,1,4
2024-09-14 15:07:24.446047,4863.87,1436.6,4099.75,2,2
2024-09-15 15:07:24.446047,2148.05,2099.08,1923.32,3,5
2024-09-16 15:07:24.446047,4455.26,1273.74,2791.82,2,2
2024-09-17 15:07:24.446047,3596.03,1452.97,2365.68,5,5
2024-09-18 15:07:24.446047,2339.58,1340.92,4167.33,1,1
2024-09-19 15:07:24.446047,3284.66,1503.87,3941.62,2,4
2024-09-20 15:07:24.446047,3962.99,1048.17,3853.98,5,2
2024-09-21 15:07:24.446047,3402.74,2255.59,2146.19,5,3
2024-09-22 15:07:24.446047,1785.88,879.8,1931.78,5,1
2024-09-23 15:07:24.446047,3896.19,708.53,2481.67,4,3
2024-09-24 15:07:24.446047,1367.74,1591.14,1188.93,5,3
2024-09-25 15:07:24.446047,4299.11,1326.42,1787.93,5,1
2024-09-26 15:07:24.446047,1586.01,2243.89,4549.46,3,1
2024-09-27 15:07:24.446047,2820.53,2314.96,3578.25,1,3
2024-09-28 15:07:24.446047,3743.99,1722.61,2002.19,2,4
2024-09-29 15:07:24.446047,2373.73,2316.47,1595.03,3,3
2024-09-30 15:07:24.446047,4570.03,2034.63,4036.23,1,5
2024-10-01 15:07:24.446047,1214.2,945.19,3670.37,1,1
2024-10-02 15:07:24.446047,1195.79,2031.58,3355.71,1,1
2024-10-03 15:07:24.446047,3230.17,1860.11,2694.54,1,3
2024-10-04 15:07:24.446047,1518.67,765.16,3455.4,1,5
2024-10-05 15:07:24.446047,2918.07,2442.38,1679.02,2,2
2024-10-06 15:07:24.446047,1417.3,1938.34,3759.31,3,3
2024-10-07 15:07:24.446047,3572.92,828.45,2767.14,2,4
2024-10-08 15:07:24.446047,2008.59,566.71,2751.58,1,2
2024-10-09 15:07:24.446047,3680.04,589.28,2822.18,1,3
2024-10-10 15:07:24.446047,2744.14,789.06,4481.98,5,1
2024-10-11 15:07:24.446047,3673.82,964.78,3648.74,2,5
2024-10-12 15:07:24.446047,1022.36,1603.93,1985.59,2,4
2024-10-13 15:07:24.446047,1795.82,2211.19,3577.05,4,2
2024-10-14 15:07:24.446047,3909.78,1847.44,3467.05,4,4
2024-10-15 15:07:24.446047,4858.09,2424.99,2193.11,2,3
2024-10-16 15:07:24.446047,3765.64,1842.99,3589.72,2,3
2024-10-17 15:07:24.446047,4366.97,2088.94,3279.0,2,3
2024-10-18 15:07:24.446047,3758.96,1170.03,1269.9,2,1
2024-10-19 15:07:24.446047,2293.41,1409.25,3456.2,1,2
2024-10-20 15:07:24.446047,1405.5,2450.7,4575.34,5,2
2024-10-21 15:07:24.446047,2671.59,1127.52,4133.95,4,5
2024-10-22 15:07:24.446047,3062.45,1784.11,1153.58,3,4
2024-10-23 15:07:24.446047,1109.77,1782.64,2969.04,4,5
2024-10-24 15:07:24.446047,4531.07,586.23,3331.08,2,5
2024-10-25 15:07:24.446047,3174.85,2250.05,4115.53,2,1
2024-10-26 15:07:24.446047,2584.87,1561.01,4730.21,1,5
2024-10-27 15:07:24.446047,3615.52,1753.03,2495.44,1,4
2024-10-28 15:07:24.446047,2164.23,2457.04,4762.17,5,3
2024-10-29 15:07:24.446047,3292.34,544.24,4195.48,4,1
2024-10-30 15:07:24.446047,2475.53,2499.91,3772.39,4,1
2024-10-31 15:07:24.446047,4786.68,1911.68,3552.0,2,2
2024-11-01 15:07:24.446047,1306.06,602.97,1828.28,5,5
2024-11-02 15:07:24.446047,1939.31,2162.75,1191.71,1,1
2024-11-03 15:07:24.446047,1762.03,1327.89,3857.35,3,2
2024-11-04 15:07:24.446047,2665.05,559.7,3737.46,1,4
2024-11-05 15:07:24.446047,4209.45,1577.38,3613.32,2,2
2024-11-06 15:07:24.446047,3463.73,1564.21,4555.23,4,1
2024-11-07 15:07:24.446047,1264.93,650.52,1414.24,2,4
